/blog/can-neuroscientists-understand-the-brain.html,/blog/2016/06/16/can-neuroscientists-understand-the-brain/
/blog/increasing-research-transparency.html,/blog/2014/09/17/increasing-research-transparency/
/blog/machine-intelligence-machine-learning-deep-learning-artificial-intelligence.html,/blog/2016/01/11/machine-intelligence-machine-learning-deep-learning-artificial-intelligence/
/blog/nab-a-benchmark-for-streaming-anomaly-detection.html,/blog/2015/06/02/nab-a-benchmark-for-streaming-anomaly-detection/
/careers,/careers-and-team/
/contact/thanks.html,/contact/thanks/
/learn,/papers-videos-and-more/
/newsletters,/newsletter/
/technology,/machine-intelligence-technology/
/scholars,/careers-and-team/careers/visiting-scholar-program/
/neuron-paper,/papers/why-neurons-have-thousands-of-synapses-theory-of-sequence-memory-in-neocortex/
